player_name,primary_team,n_teams,pa,woba,xwoba,woba_gap,proj_2027,woba_minus_proj,pulled_hard_fb_share,sprint_speed
"Crow-Armstrong, Pete",CHC,1,726,0.4000,0.3740,0.0260,0.3540,0.0460,0.2215,29.5000
"France, Ty",SD,1,500,0.3730,0.3270,0.0460,0.3276,0.0454,0.0853,24.7000
"Rumfield, TJ",COL,1,631,0.3730,0.3330,0.0400,0.3309,0.0421,0.1207,24.9000
"Arozarena, Randy",SEA,1,670,0.3790,0.3480,0.0310,0.3394,0.0396,0.0676,27.1000
"Arenado, Nolan",AZ,1,599,0.3490,0.3000,0.0490,0.3123,0.0367,0.2605,25.1000
"Alvarez, Yordan",HOU,1,691,0.4290,0.4420,-0.0130,0.3924,0.0366,0.1176,25.4000
"Contreras, Willson",BOS,1,535,0.3910,0.3760,0.0150,0.3552,0.0358,0.1011,27.3000
"Sanoja, Javier",MIA,1,490,0.3420,0.2950,0.0470,0.3095,0.0325,0.1032,28.6000
"Moreno, Gabriel",AZ,1,549,0.3800,0.3630,0.0170,0.3478,0.0322,0.0580,26.2000
"Suzuki, Seiya",CHC,1,634,0.3660,0.3400,0.0260,0.3349,0.0311,0.1091,28.0000
"Devers, Rafael",SF,1,633,0.3670,0.3420,0.0250,0.3360,0.0310,0.1241,26.1000
"Goodman, Hunter",COL,1,574,0.3550,0.3210,0.0340,0.3242,0.0308,0.1584,27.3000
"Paredes, Isaac",HOU,1,659,0.3550,0.3230,0.0320,0.3253,0.0297,0.2824,25.1000
"Bregman, Alex",CHC,1,702,0.3570,0.3270,0.0300,0.3276,0.0294,0.1685,26.2000
"Cruz, Oneil",PIT,1,419,0.3710,0.3520,0.0190,0.3416,0.0294,0.0323,28.5000
"Hicks, Liam",MIA,2,554,0.3520,0.3190,0.0330,0.3230,0.0290,0.1835,25.7000
"Bauers, Jake",MIL,1,578,0.3810,0.3710,0.0100,0.3523,0.0287,0.1193,26.9000
"Rafaela, Ceddanne",BOS,1,576,0.3320,0.2850,0.0470,0.3039,0.0281,0.1360,29.0000
"Rice, Ben",NYY,1,667,0.3840,0.3780,0.0060,0.3563,0.0277,0.1088,26.8000
"Abrams, CJ",WSH,1,654,0.3580,0.3330,0.0250,0.3309,0.0271,0.2238,28.4000
"Kurtz, Nick",ATH,1,434,0.3810,0.3740,0.0070,0.3540,0.0270,0.0323,26.6000
"Caminero, Junior",TB,1,702,0.3750,0.3640,0.0110,0.3484,0.0266,0.1092,26.7000
"Meidroth, Chase",CWS,1,643,0.3390,0.3010,0.0380,0.3129,0.0261,0.0979,27.4000
"Lowe, Brandon",PIT,1,655,0.3550,0.3310,0.0240,0.3298,0.0252,0.1884,27.0000
"De La Cruz, Elly",CIN,1,636,0.3800,0.3760,0.0040,0.3552,0.0248,0.0354,28.4000
"McCarthy, Jake",COL,1,596,0.3490,0.3210,0.0280,0.3242,0.0248,0.1441,30.0000
"Chourio, Jackson",MIL,1,573,0.3610,0.3440,0.0170,0.3371,0.0239,0.0484,28.9000
"Keaschall, Luke",MIN,1,620,0.3480,0.3210,0.0270,0.3242,0.0238,0.1167,28.8000
"Jung, Josh",TEX,1,444,0.3620,0.3480,0.0140,0.3394,0.0226,0.0355,25.7000
"Moniak, Mickey",COL,1,436,0.3220,0.2790,0.0430,0.3005,0.0215,0.1818,28.1000
"Soderstrom, Tyler",ATH,1,453,0.3490,0.3270,0.0220,0.3276,0.0214,0.1212,27.1000
"Muncy, Max",LAD,1,561,0.3610,0.3490,0.0120,0.3399,0.0211,0.1261,27.2000
"Turang, Brice",MIL,1,680,0.3580,0.3440,0.0140,0.3371,0.0209,0.0286,28.5000
"DeLauter, Chase",CLE,1,559,0.3590,0.3460,0.0130,0.3383,0.0207,0.0556,26.7000
"Gelof, Zack",ATH,1,435,0.3460,0.3230,0.0230,0.3253,0.0207,0.1261,28.8000
"Peña, Jeremy",HOU,1,483,0.3470,0.3260,0.0210,0.3270,0.0200,0.0900,29.3000
"Peters, Tristan",CWS,1,491,0.3400,0.3140,0.0260,0.3202,0.0198,0.2193,28.7000
"Schwarber, Kyle",PHI,1,701,0.3680,0.3640,0.0040,0.3484,0.0196,0.1905,25.6000
"García Jr., Luis",WSH,2,543,0.3550,0.3410,0.0140,0.3354,0.0196,0.0880,26.3000
"Larnach, Trevor",MIN,1,433,0.3470,0.3270,0.0200,0.3276,0.0194,0.1059,26.7000
"Bolte, Henry",ATH,1,473,0.3410,0.3170,0.0240,0.3219,0.0191,0.0290,30.5000
"Jensen, Carter",KC,1,603,0.3410,0.3180,0.0230,0.3225,0.0185,0.1456,27.8000
"Buxton, Byron",MIN,1,408,0.3550,0.3430,0.0120,0.3366,0.0184,0.1573,29.7000
"Harper, Bryce",PHI,1,693,0.3750,0.3790,-0.0040,0.3569,0.0181,0.0840,27.2000
"Torkelson, Spencer",DET,1,612,0.3370,0.3140,0.0230,0.3202,0.0168,0.2222,26.5000
"Bazzana, Travis",CLE,1,517,0.3280,0.2990,0.0290,0.3118,0.0162,0.1304,28.3000
"O'Hearn, Ryan",PIT,1,451,0.3360,0.3140,0.0220,0.3202,0.0158,0.1176,26.7000
"Caglianone, Jac",KC,1,553,0.3600,0.3570,0.0030,0.3445,0.0155,0.1019,27.0000
"Pages, Andy",LAD,1,574,0.3520,0.3430,0.0090,0.3366,0.0154,0.1333,28.3000
"Pederson, Joc",TEX,1,432,0.3520,0.3430,0.0090,0.3366,0.0154,0.1619,25.0000
"Eldridge, Bryce",SF,1,448,0.3610,0.3590,0.0020,0.3456,0.0154,0.0510,26.0000
"Murakami, Munetaka",CWS,1,553,0.3560,0.3510,0.0050,0.3411,0.0149,0.1290,26.8000
"Greene, Riley",DET,1,592,0.3660,0.3690,-0.0030,0.3512,0.0148,0.0571,26.6000
"Arraez, Luis",SF,2,655,0.3310,0.3070,0.0240,0.3163,0.0147,0.2105,26.8000
"Lopez, Otto",MIA,1,687,0.3420,0.3270,0.0150,0.3276,0.0144,0.0581,28.5000
"Lee, Brooks",MIN,1,631,0.3160,0.2810,0.0350,0.3016,0.0144,0.1543,26.3000
"Martínez, Angel",CLE,1,416,0.3260,0.2990,0.0270,0.3118,0.0142,0.0886,27.6000
"Neto, Zach",LAA,1,704,0.3360,0.3170,0.0190,0.3219,0.0141,0.1825,27.9000
"McGonigle, Kevin",DET,1,707,0.3570,0.3550,0.0020,0.3433,0.0137,0.1369,28.2000
"Simpson, Chandler",TB,1,612,0.3050,0.2630,0.0420,0.2915,0.0135,0.0000,29.4000
"Harris II, Michael",ATL,1,621,0.3490,0.3420,0.0070,0.3360,0.0130,0.1128,27.7000
"Wood, James",WSH,1,623,0.3830,0.4030,-0.0200,0.3704,0.0126,0.0505,27.1000
"Castro, Willi",COL,1,477,0.3300,0.3090,0.0210,0.3174,0.0126,0.0843,28.1000
"Stowers, Kyle",MIA,1,512,0.3410,0.3290,0.0120,0.3287,0.0123,0.1000,26.3000
"Altuve, Jose",HOU,1,573,0.3080,0.2710,0.0370,0.2960,0.0120,0.1356,27.6000
"Díaz, Yandy",TB,1,686,0.3500,0.3460,0.0040,0.3383,0.0117,0.0625,26.0000
"Duran, Ezequiel",TEX,1,597,0.3240,0.3000,0.0240,0.3123,0.0117,0.0952,28.9000
"Gonzales, Nick",PIT,1,608,0.3390,0.3270,0.0120,0.3276,0.0114,0.0616,28.8000
"Aranda, Jonathan",TB,1,668,0.3480,0.3430,0.0050,0.3366,0.0114,0.0755,25.7000
"Ortiz, Joey",MIL,1,415,0.3210,0.2970,0.0240,0.3106,0.0104,0.0460,29.1000
"Soto, Juan",NYM,1,482,0.3850,0.4110,-0.0260,0.3749,0.0101,0.1101,25.6000
"Ohtani, Shohei",LAD,1,618,0.3770,0.3970,-0.0200,0.3670,0.0100,0.0508,27.7000
"Suárez, Eugenio",CIN,1,498,0.3240,0.3030,0.0210,0.3140,0.0100,0.1486,26.2000
"Langford, Wyatt",TEX,1,471,0.3330,0.3190,0.0140,0.3230,0.0100,0.1481,28.2000
"Olson, Matt",ATL,1,698,0.3510,0.3510,0.0000,0.3411,0.0099,0.1301,25.3000
"Durbin, Caleb",BOS,1,586,0.3170,0.2910,0.0260,0.3073,0.0097,0.1373,27.9000
"Alonso, Pete",BAL,1,700,0.3790,0.4020,-0.0230,0.3698,0.0092,0.0864,24.9000
"Walker, Jordan",STL,1,667,0.3440,0.3400,0.0040,0.3349,0.0091,0.0541,29.1000
"Lukes, Nathan",TOR,1,450,0.3170,0.2930,0.0240,0.3084,0.0086,0.1020,27.0000
"Canzone, Dominic",SEA,1,533,0.3540,0.3590,-0.0050,0.3456,0.0084,0.0991,26.4000
"Vargas, Miguel",CWS,1,704,0.3630,0.3780,-0.0150,0.3563,0.0067,0.1552,28.6000
"Loftin, Nick",KC,1,426,0.3150,0.2930,0.0220,0.3084,0.0066,0.1429,28.0000
"Benge, Carson",NYM,1,654,0.3420,0.3410,0.0010,0.3354,0.0066,0.0769,28.6000
"Edwards, Xavier",MIA,1,595,0.3250,0.3110,0.0140,0.3185,0.0065,0.0417,28.3000
"Baldwin, Drake",ATL,1,615,0.3580,0.3700,-0.0120,0.3518,0.0062,0.0500,26.0000
"Mangum, Jake",PIT,1,479,0.3100,0.2850,0.0250,0.3039,0.0061,0.0737,29.6000
"Kwan, Steven",CLE,1,637,0.3340,0.3280,0.0060,0.3281,0.0059,0.1800,27.5000
"Reynolds, Bryan",PIT,1,699,0.3490,0.3550,-0.0060,0.3433,0.0057,0.0811,28.2000
"Antonacci, Sam",CWS,1,557,0.3450,0.3480,-0.0030,0.3394,0.0056,0.0800,28.2000
"Carroll, Corbin",AZ,1,671,0.3410,0.3410,0.0000,0.3354,0.0056,0.0980,29.7000
"Langeliers, Shea",ATH,1,467,0.3470,0.3520,-0.0050,0.3416,0.0054,0.0482,28.4000
"Happ, Ian",CHC,1,636,0.3250,0.3130,0.0120,0.3197,0.0053,0.1795,28.0000
"Perdomo, Geraldo",AZ,1,680,0.3360,0.3330,0.0030,0.3309,0.0051,0.1104,27.0000
"Karros, Kyle",COL,1,475,0.3360,0.3340,0.0020,0.3315,0.0045,0.0833,27.0000
"Springer, George",TOR,1,517,0.3200,0.3060,0.0140,0.3157,0.0043,0.0926,26.9000
"Bellinger, Cody",NYY,1,562,0.3360,0.3350,0.0010,0.3321,0.0039,0.1631,27.3000
"Okamoto, Kazuma",TOR,1,636,0.3320,0.3280,0.0040,0.3281,0.0039,0.1311,26.4000
"Johnston, Troy",COL,1,449,0.3290,0.3230,0.0060,0.3253,0.0037,0.0642,26.2000
"Betts, Mookie",LAD,1,528,0.3380,0.3390,-0.0010,0.3343,0.0037,0.1258,26.7000
"Busch, Michael",CHC,1,710,0.3330,0.3310,0.0020,0.3298,0.0032,0.1146,26.0000
"Chisholm Jr., Jazz",NYY,1,532,0.3120,0.2940,0.0180,0.3090,0.0030,0.1532,28.3000
"Stewart, Sal",CIN,1,700,0.3390,0.3430,-0.0040,0.3366,0.0024,0.0604,26.6000
"Dubón, Mauricio",ATL,1,619,0.3170,0.3040,0.0130,0.3146,0.0024,0.1071,26.8000
"Rocchio, Brayan",CLE,1,592,0.3110,0.2940,0.0170,0.3090,0.0020,0.1641,27.4000
"Massey, Michael",KC,1,452,0.3180,0.3070,0.0110,0.3163,0.0017,0.1840,26.7000
"Hernández, Teoscar",LAD,1,491,0.3320,0.3320,0.0000,0.3304,0.0016,0.0500,28.3000
"Torres, Gleyber",DET,1,420,0.3280,0.3250,0.0030,0.3264,0.0016,0.0588,25.3000
"Kelly, Carson",CHC,1,425,0.3200,0.3110,0.0090,0.3185,0.0015,0.0606,25.8000
"Tatis Jr., Fernando",SD,1,704,0.3580,0.3790,-0.0210,0.3569,0.0011,0.0065,29.0000
"Horwitz, Spencer",PIT,1,451,0.3190,0.3100,0.0090,0.3180,0.0010,0.1236,24.7000
"Adames, Willy",SF,1,505,0.3110,0.2960,0.0150,0.3101,0.0009,0.1532,27.8000
"Albies, Ozzie",ATL,1,683,0.2980,0.2730,0.0250,0.2971,0.0009,0.1846,27.1000
"Walker, Christian",HOU,1,635,0.3160,0.3050,0.0110,0.3152,0.0008,0.0847,25.9000
"Marsee, Jakob",MIA,1,616,0.3210,0.3140,0.0070,0.3202,0.0008,0.1138,27.9000
"Freeman, Freddie",LAD,1,657,0.3480,0.3630,-0.0150,0.3478,0.0002,0.0679,25.2000
"Burleson, Alec",STL,1,670,0.3530,0.3740,-0.0210,0.3540,-0.0010,0.0562,25.6000
"Contreras, William",MIL,1,640,0.3300,0.3340,-0.0040,0.3315,-0.0015,0.0581,26.0000
"Acuña Jr., Ronald",ATL,1,469,0.3480,0.3660,-0.0180,0.3495,-0.0015,0.0843,27.2000
"Mitchell, Garrett",MIL,1,531,0.3400,0.3530,-0.0130,0.3422,-0.0022,0.0247,29.8000
"Pasquantino, Vinnie",KC,1,481,0.3310,0.3380,-0.0070,0.3338,-0.0028,0.1613,25.8000
"Lowe, Nathaniel",CIN,2,429,0.3290,0.3350,-0.0060,0.3321,-0.0031,0.0843,25.6000
"Stott, Bryson",PHI,1,608,0.3260,0.3300,-0.0040,0.3292,-0.0032,0.1020,28.3000
"Abreu, Wilyer",BOS,1,681,0.3350,0.3460,-0.0110,0.3383,-0.0033,0.0724,28.0000
"Schanuel, Nolan",LAA,1,446,0.3280,0.3340,-0.0060,0.3315,-0.0035,0.0660,25.7000
"Herrera, Iván",STL,1,717,0.3290,0.3360,-0.0070,0.3326,-0.0036,0.1119,26.1000
"Lee, Jung Hoo",SF,1,579,0.3170,0.3150,0.0020,0.3208,-0.0038,0.0927,27.5000
"Trout, Mike",LAA,1,634,0.3540,0.3810,-0.0270,0.3580,-0.0040,0.1134,28.6000
"Burger, Jake",TEX,1,620,0.3160,0.3140,0.0020,0.3202,-0.0042,0.1651,27.3000
"Clemens, Kody",MIN,1,583,0.3270,0.3340,-0.0070,0.3315,-0.0045,0.1562,28.0000
"Rutschman, Adley",BAL,2,410,0.3230,0.3270,-0.0040,0.3276,-0.0046,0.1616,26.6000
"Mayo, Coby",BAL,1,454,0.3280,0.3360,-0.0080,0.3326,-0.0046,0.1781,27.9000
"Clement, Ernie",TOR,1,621,0.2840,0.2580,0.0260,0.2887,-0.0047,0.1560,28.1000
"Marsh, Brandon",PHI,1,568,0.3080,0.3010,0.0070,0.3129,-0.0049,0.1074,28.1000
"Benintendi, Andrew",CWS,1,468,0.3110,0.3070,0.0040,0.3163,-0.0053,0.2015,26.6000
"Sheets, Gavin",SD,1,419,0.3150,0.3160,-0.0010,0.3214,-0.0064,0.1548,26.6000
"Young, Jacob",WSH,1,471,0.3130,0.3130,0.0000,0.3197,-0.0067,0.0989,29.1000
"Walls, Taylor",TB,1,433,0.2780,0.2510,0.0270,0.2847,-0.0067,0.0678,27.9000
"Stephenson, Tyler",CIN,1,468,0.3200,0.3260,-0.0060,0.3270,-0.0070,0.0957,27.0000
"Schmitt, Casey",SF,1,409,0.3360,0.3550,-0.0190,0.3433,-0.0073,0.1140,28.0000
"Lindor, Francisco",NYM,1,469,0.3220,0.3310,-0.0090,0.3298,-0.0078,0.1642,27.1000
"Swanson, Dansby",CHC,1,486,0.3050,0.3010,0.0040,0.3129,-0.0079,0.1391,28.3000
"Butler, Lawrence",ATH,1,540,0.3190,0.3260,-0.0070,0.3270,-0.0080,0.0600,26.7000
"Bleday, JJ",CIN,1,545,0.3260,0.3400,-0.0140,0.3349,-0.0089,0.2000,27.5000
"Montgomery, Colson",CWS,1,638,0.3000,0.2940,0.0060,0.3090,-0.0090,0.2000,26.6000
"Bell, Josh",MIN,1,631,0.3230,0.3350,-0.0120,0.3321,-0.0091,0.0759,26.0000
"Crawford, Justin",PHI,1,465,0.2940,0.2840,0.0100,0.3033,-0.0093,0.0442,29.6000
"Keith, Colt",DET,1,423,0.3210,0.3330,-0.0120,0.3309,-0.0099,0.1009,28.1000
"Caballero, José",NYY,1,456,0.2900,0.2780,0.0120,0.2999,-0.0099,0.1233,28.0000
"Hernández, Heriberto",MIA,1,505,0.3290,0.3480,-0.0190,0.3394,-0.0104,0.1491,28.3000
"Turner, Trea",PHI,1,700,0.2980,0.2930,0.0050,0.3084,-0.0104,0.0655,29.9000
"McNeil, Jeff",ATH,1,520,0.3010,0.2990,0.0020,0.3118,-0.0108,0.0894,26.3000
"Crawford, J.P.",SEA,1,489,0.3120,0.3190,-0.0070,0.3230,-0.0110,0.1000,26.2000
"Mullins, Cedric",TB,1,502,0.2810,0.2640,0.0170,0.2920,-0.0110,0.1650,27.9000
"Cronenworth, Jake",SD,1,425,0.2870,0.2750,0.0120,0.2982,-0.0112,0.0986,28.1000
"Witt Jr., Bobby",KC,1,632,0.3450,0.3780,-0.0330,0.3563,-0.0113,0.0728,30.1000
"Yastrzemski, Mike",ATL,1,408,0.3060,0.3090,-0.0030,0.3174,-0.0114,0.1250,27.1000
"Grissom, Vaughn",LAA,1,474,0.3060,0.3090,-0.0030,0.3174,-0.0114,0.1143,26.9000
"Alvarez, Francisco",NYM,1,420,0.3130,0.3220,-0.0090,0.3247,-0.0117,0.0946,25.3000
"Henderson, Gunnar",BAL,1,702,0.3130,0.3220,-0.0090,0.3247,-0.0117,0.1346,28.2000
"Tucker, Kyle",LAD,1,627,0.3180,0.3310,-0.0130,0.3298,-0.0118,0.1438,26.6000
"Yelich, Christian",MIL,1,500,0.3050,0.3080,-0.0030,0.3168,-0.0118,0.0642,27.4000
"Dingler, Dillon",DET,1,607,0.3250,0.3440,-0.0190,0.3371,-0.0121,0.1111,27.3000
"Ewing, A.J.",NYM,1,492,0.3110,0.3200,-0.0090,0.3236,-0.0126,0.0427,29.4000
"Giménez, Andrés",TOR,1,508,0.2860,0.2760,0.0100,0.2988,-0.0128,0.1023,27.7000
"Young, Cole",SEA,1,638,0.3080,0.3160,-0.0080,0.3214,-0.0134,0.1206,27.8000
"Nimmo, Brandon",TEX,1,655,0.3200,0.3380,-0.0180,0.3338,-0.0138,0.0227,28.0000
"Lile, Daylen",WSH,1,655,0.3120,0.3240,-0.0120,0.3259,-0.0139,0.1503,29.4000
"Church, Nathan",STL,1,470,0.2880,0.2830,0.0050,0.3028,-0.0148,0.0957,28.5000
"Taveras, Leody",BAL,1,482,0.2820,0.2730,0.0090,0.2971,-0.0151,0.1184,28.9000
"Vargas, Ildemaro",AZ,1,486,0.2950,0.2970,-0.0020,0.3106,-0.0156,0.0496,27.1000
"Collins, Isaac",KC,1,519,0.2930,0.2950,-0.0020,0.3095,-0.0165,0.0990,27.6000
"Ramos, Heliot",SF,2,442,0.3120,0.3290,-0.0170,0.3287,-0.0167,0.0120,27.2000
"Marte, Ketel",AZ,1,624,0.3230,0.3490,-0.0260,0.3399,-0.0169,0.0630,26.8000
"Machado, Manny",SD,1,677,0.3100,0.3280,-0.0180,0.3281,-0.0181,0.1103,25.3000
"Bohm, Alec",PHI,1,629,0.3090,0.3270,-0.0180,0.3276,-0.0186,0.0292,26.5000
"Merrill, Jackson",SD,1,664,0.3200,0.3470,-0.0270,0.3388,-0.0188,0.0718,29.0000
"Ward, Taylor",BAL,2,607,0.3120,0.3340,-0.0220,0.3315,-0.0195,0.0492,27.5000
"Baty, Brett",NYM,1,473,0.3040,0.3210,-0.0170,0.3242,-0.0202,0.1039,26.8000
"Bichette, Bo",NYM,1,696,0.3090,0.3300,-0.0210,0.3292,-0.0202,0.0649,26.1000
"Bogaerts, Xander",SD,1,606,0.3060,0.3250,-0.0190,0.3264,-0.0204,0.0621,27.1000
"Seager, Corey",TEX,1,436,0.3200,0.3500,-0.0300,0.3405,-0.0205,0.1500,25.1000
"Wetherholt, JJ",STL,1,619,0.3180,0.3470,-0.0290,0.3388,-0.0208,0.0656,27.6000
"Naylor, Josh",SEA,1,650,0.2970,0.3100,-0.0130,0.3180,-0.0210,0.0774,24.3000
"Rodríguez, Julio",SEA,1,654,0.3100,0.3340,-0.0240,0.3315,-0.0215,0.0331,28.7000
"Adell, Jo",LAA,2,660,0.3070,0.3290,-0.0220,0.3287,-0.0217,0.0781,28.3000
"Varsho, Daulton",TOR,2,526,0.2810,0.2830,-0.0020,0.3028,-0.0218,0.1293,27.4000
"Riley, Austin",ATL,1,630,0.2900,0.2990,-0.0090,0.3118,-0.0218,0.0667,28.0000
"Raleigh, Cal",SEA,1,530,0.2970,0.3120,-0.0150,0.3191,-0.0221,0.2368,25.9000
"Grisham, Trent",NYY,1,484,0.3110,0.3370,-0.0260,0.3332,-0.0222,0.1538,26.8000
"Lewis, Royce",MIN,1,509,0.2920,0.3060,-0.0140,0.3157,-0.0237,0.1489,27.7000
"Guerrero Jr., Vladimir",TOR,1,609,0.3050,0.3310,-0.0260,0.3298,-0.0248,0.0331,26.4000
"Ramírez, José",CLE,1,544,0.3010,0.3250,-0.0240,0.3264,-0.0254,0.1371,27.9000
"Carter, Evan",TEX,1,455,0.2740,0.2800,-0.0060,0.3011,-0.0271,0.1348,28.9000
"Winn, Masyn",STL,1,532,0.2830,0.2970,-0.0140,0.3106,-0.0276,0.0370,28.5000
"Hoerner, Nico",CHC,1,689,0.2970,0.3220,-0.0250,0.3247,-0.0277,0.0610,28.3000
"Crews, Dylan",WSH,1,443,0.2940,0.3170,-0.0230,0.3219,-0.0279,0.0947,29.3000
"Smith, Cam",HOU,1,568,0.2930,0.3160,-0.0230,0.3214,-0.0284,0.0693,29.2000
"Tovar, Ezequiel",COL,1,506,0.2700,0.2810,-0.0110,0.3016,-0.0316,0.1222,28.0000
"Semien, Marcus",NYM,1,547,0.2760,0.3000,-0.0240,0.3123,-0.0363,0.1613,28.3000
"Perez, Salvador",KC,1,627,0.2850,0.3160,-0.0310,0.3214,-0.0364,0.0671,23.7000
"McLain, Matt",CIN,1,496,0.2720,0.2930,-0.0210,0.3084,-0.0364,0.1277,28.7000
"McKinstry, Zach",DET,1,423,0.2650,0.2840,-0.0190,0.3033,-0.0383,0.0735,27.9000
"Duran, Jarren",BOS,1,608,0.2740,0.3010,-0.0270,0.3129,-0.0389,0.0891,29.0000
"Nuñez, Nasim",WSH,1,493,0.2510,0.2680,-0.0170,0.2943,-0.0433,0.0694,29.7000
"Realmuto, J.T.",PHI,1,467,0.2750,0.3170,-0.0420,0.3219,-0.0469,0.0741,28.1000
