forecast,rmse_points,vs_xwoba_points,lo,hi,share_of_boot_better,test_pair
wOBA,32.7432,1.3481,-0.0174,2.6236,0.0270,2022-23
xwOBA,31.3950,0.0000,0.0000,0.0000,0.0000,2022-23
xwOBA + shrunk gap,31.3558,-0.0392,-0.1106,0.0251,0.8805,2022-23
xwOBA + shrunk gap + traits,31.3077,-0.0874,-0.4398,0.2717,0.7030,2022-23
"xwOBA + shrunk gap + traits, next park known",31.2410,-0.1540,-0.4980,0.2145,0.8115,2022-23
wOBA,35.6664,3.1359,1.8468,4.5024,0.0000,2023-24
xwOBA,32.5305,0.0000,0.0000,0.0000,0.0000,2023-24
xwOBA + shrunk gap,32.6350,0.1044,-0.0487,0.2583,0.0915,2023-24
xwOBA + shrunk gap + traits,32.5098,-0.0208,-0.5393,0.5362,0.5155,2023-24
"xwOBA + shrunk gap + traits, next park known",32.4568,-0.0737,-0.5872,0.4652,0.5920,2023-24
wOBA,31.9237,1.0836,-0.1392,2.2677,0.0420,2024-25
xwOBA,30.8401,0.0000,0.0000,0.0000,0.0000,2024-25
xwOBA + shrunk gap,30.8147,-0.0254,-0.0716,0.0200,0.8655,2024-25
xwOBA + shrunk gap + traits,30.8829,0.0428,-0.4139,0.4966,0.4335,2024-25
"xwOBA + shrunk gap + traits, next park known",30.7971,-0.0430,-0.5243,0.4308,0.5750,2024-25
wOBA,33.0360,1.3396,-0.0469,2.7495,0.0305,2025-26
xwOBA,31.6964,0.0000,0.0000,0.0000,0.0000,2025-26
xwOBA + shrunk gap,31.6982,0.0018,-0.0969,0.1016,0.4820,2025-26
xwOBA + shrunk gap + traits,31.8160,0.1196,-0.3096,0.5641,0.2965,2025-26
"xwOBA + shrunk gap + traits, next park known",31.7108,0.0143,-0.4580,0.4757,0.4645,2025-26
