era,min_pa_both_seasons,pairs,players,r_weighted,r_weighted_lo,r_weighted_hi,slope_weighted,slope_lo,slope_hi,r_plain,r_plain_lo,r_plain_hi
history,100,1365,542,0.3158,0.2455,0.3790,0.3173,0.2460,0.3824,0.2505,0.1852,0.3152
history,200,1071,424,0.3538,0.2788,0.4180,0.3548,0.2776,0.4214,0.3296,0.2579,0.3923
history,300,825,338,0.3840,0.3024,0.4556,0.3823,0.2993,0.4560,0.3714,0.2888,0.4422
history,400,585,256,0.3968,0.3011,0.4829,0.4061,0.3080,0.4988,0.3864,0.2926,0.4711
history,500,358,174,0.4433,0.3259,0.5456,0.4684,0.3419,0.5827,0.4422,0.3247,0.5441
recent,100,1780,629,0.1707,0.1125,0.2266,0.1689,0.1113,0.2245,0.1194,0.0620,0.1761
recent,200,1334,489,0.2087,0.1442,0.2720,0.2076,0.1430,0.2700,0.1815,0.1190,0.2417
recent,300,994,393,0.2528,0.1806,0.3249,0.2547,0.1824,0.3282,0.2418,0.1752,0.3129
recent,400,690,287,0.2916,0.2016,0.3788,0.3051,0.2119,0.3972,0.2965,0.2082,0.3818
recent,500,425,191,0.2522,0.1405,0.3531,0.2604,0.1439,0.3670,0.2527,0.1433,0.3511
