era,seasons,pairs,players,r_weighted,r_weighted_lo,r_weighted_hi,slope_weighted,slope_lo,slope_hi,r_plain,r_plain_lo,r_plain_hi
history,2015-16,210,210,0.3314,0.2121,0.4455,0.3250,0.2023,0.4585,0.3227,0.1958,0.4426
history,2016-17,209,209,0.4596,0.3385,0.5684,0.4665,0.3350,0.5928,0.4435,0.3199,0.5541
history,2017-18,219,219,0.4088,0.2950,0.5167,0.3815,0.2676,0.4956,0.3936,0.2740,0.5060
history,2018-19,187,187,0.3253,0.1880,0.4465,0.3494,0.1966,0.5016,0.3153,0.1788,0.4378
recent,2021-22,192,192,0.2413,0.0686,0.3972,0.2430,0.0683,0.3958,0.2384,0.0731,0.3857
recent,2022-23,202,202,0.2362,0.1044,0.3604,0.2205,0.0937,0.3472,0.2268,0.0929,0.3502
recent,2023-24,207,207,0.2685,0.1402,0.3860,0.2482,0.1302,0.3559,0.2653,0.1327,0.3865
recent,2024-25,199,199,0.3132,0.1747,0.4362,0.3477,0.1951,0.5051,0.2934,0.1596,0.4180
recent,2025-26,194,194,0.2162,0.0787,0.3456,0.2341,0.0846,0.3766,0.1947,0.0604,0.3236
