venue_id,park,seasons,balls,park_effect_points
2529,Sutter Health Park,2,8689,39.4487
19,Coors Field,6,26623,32.8793
2602,Great American Ball Park,6,23914,22.8501
2681,Citizens Bank Park,6,24404,14.6247
3,Fenway Park,6,25296,14.2671
2523,George M. Steinbrenner Field,1,4070,10.1072
2392,Daikin Park,6,24276,7.1121
15,Chase Field,6,25746,4.8631
12,Tropicana Field,5,19808,3.2740
32,American Family Field,6,23361,3.1443
22,UNIQLO Field at Dodger Stadium,6,23881,2.2060
1,Angel Stadium,6,23982,1.1419
14,Rogers Centre,5,20750,0.7044
17,Wrigley Field,6,24431,-0.5058
4,Rate Field,6,24404,-2.1488
4705,Truist Park,6,24140,-2.4297
3309,Nationals Park,6,25621,-2.6763
3312,Target Field,6,24827,-2.8809
4169,loanDepot park,6,24773,-2.9850
2,Oriole Park at Camden Yards,6,24982,-3.5399
5,Progressive Field,6,24382,-4.8394
5325,Globe Life Field,6,24612,-5.8129
2395,Oracle Park,6,24688,-6.2280
31,PNC Park,6,24837,-6.2689
10,Oakland Coliseum,4,16466,-8.0280
3289,Citi Field,6,23733,-8.3890
2394,Comerica Park,6,24545,-9.1738
7,Kauffman Stadium,6,25891,-9.5373
3313,Yankee Stadium,6,23476,-9.8839
680,T-Mobile Park,6,23246,-12.7370
2680,Petco Park,6,24096,-13.0168
2889,Busch Stadium,6,25546,-17.2122
