min_pa,outcome,term,coefficient,lo,hi,pairs
100,next gap,this season's xwOBA,-0.0816,-0.1071,-0.0560,1780
100,next gap,this season's gap,0.1390,0.0839,0.1919,1780
100,next xwOBA,this season's xwOBA,0.6290,0.5604,0.6882,1780
100,next xwOBA,this season's gap,-0.1265,-0.1934,-0.0569,1780
100,next wOBA,this season's xwOBA,0.5474,0.4769,0.6096,1780
100,next wOBA,this season's gap,0.0125,-0.0758,0.0997,1780
300,next gap,this season's xwOBA,-0.0947,-0.1306,-0.0597,994
300,next gap,this season's gap,0.2137,0.1458,0.2861,994
300,next xwOBA,this season's xwOBA,0.6722,0.5866,0.7449,994
300,next xwOBA,this season's gap,-0.1166,-0.2070,-0.0211,994
300,next wOBA,this season's xwOBA,0.5775,0.4876,0.6596,994
300,next wOBA,this season's gap,0.0971,-0.0154,0.2045,994
